{"cameraMode":{"drawMode":0,"name":"Shaded","section":"Shading Mode"},"sceneLighting":false,"audioPlay":false,"sceneViewState":{"m_AlwaysRefresh":false,"showFog":false,"showSkybox":false,"showFlares":false,"showImageEffects":false,"showParticleSystems":false,"showVisualEffectGraphs":true,"m_FxEnabled":true},"in2DMode":false,"pivot":{"x":0.42552226781845095,"y":0.7624439597129822,"z":-0.37557172775268557},"rotation":{"x":-0.005654093809425831,"y":0.991305410861969,"z":-0.12588422000408173,"w":-0.04483611881732941},"size":1.501430869102478,"orthographic":false}