{"cameraMode":{"drawMode":0,"name":"Shaded","section":"Shading Mode"},"sceneLighting":false,"audioPlay":false,"sceneViewState":{"m_AlwaysRefresh":false,"showFog":true,"showSkybox":false,"showFlares":true,"showImageEffects":true,"showParticleSystems":true,"showVisualEffectGraphs":true,"m_FxEnabled":true},"in2DMode":false,"pivot":{"x":11.811270713806153,"y":10.911615371704102,"z":12.051440238952637},"rotation":{"x":0.012841575779020787,"y":0.9871553778648377,"z":-0.11335090547800064,"w":0.11295437067747116},"size":1.72530996799469,"orthographic":false}