{"cameraMode":{"drawMode":0,"name":"Shaded","section":"Shading Mode"},"sceneLighting":true,"audioPlay":false,"sceneViewState":{"m_AlwaysRefresh":false,"showFog":true,"showSkybox":true,"showFlares":true,"showImageEffects":true,"showParticleSystems":true,"showVisualEffectGraphs":true,"m_FxEnabled":true},"in2DMode":false,"pivot":{"x":-0.09858826547861099,"y":-1.8284093141555787,"z":21.302499771118165},"rotation":{"x":-0.030308712273836137,"y":-0.0010920824715867639,"z":-0.00038693530950695276,"w":-0.999679684638977},"size":15.529693603515625,"orthographic":false}