{"cameraMode":{"drawMode":0,"name":"Shaded","section":"Shading Mode"},"sceneLighting":true,"audioPlay":false,"sceneViewState":{"m_AlwaysRefresh":false,"showFog":true,"showSkybox":true,"showFlares":true,"showImageEffects":true,"showParticleSystems":true,"showVisualEffectGraphs":true,"m_FxEnabled":true},"in2DMode":false,"pivot":{"x":-555.8682861328125,"y":75.69918060302735,"z":-26.972333908081056},"rotation":{"x":0.12081290036439896,"y":-0.18936392664909364,"z":0.023167546838521959,"w":0.9742861390113831},"size":19.858097076416017,"orthographic":false}