{"cameraMode":{"drawMode":0,"name":"Shaded","section":"Shading Mode"},"sceneLighting":true,"audioPlay":false,"sceneViewState":{"m_AlwaysRefresh":false,"showFog":true,"showSkybox":true,"showFlares":true,"showImageEffects":true,"showParticleSystems":true,"showVisualEffectGraphs":true,"m_FxEnabled":true},"in2DMode":false,"pivot":{"x":164.70167541503907,"y":168.91897583007813,"z":15.67292594909668},"rotation":{"x":0.38435834646224978,"y":-0.03668683022260666,"z":0.015302118845283986,"w":0.9224164485931397},"size":18.704307556152345,"orthographic":false}