{"cameraMode":{"drawMode":0,"name":"Shaded","section":"Shading Mode"},"sceneLighting":true,"audioPlay":false,"sceneViewState":{"m_AlwaysRefresh":false,"showFog":true,"showSkybox":true,"showFlares":true,"showImageEffects":true,"showParticleSystems":true,"showVisualEffectGraphs":true,"m_FxEnabled":true},"in2DMode":false,"pivot":{"x":221.57521057128907,"y":61.38417434692383,"z":-23.445606231689454},"rotation":{"x":-0.009449903853237629,"y":-0.9770092964172363,"z":0.044299762696027759,"w":-0.2087041139602661},"size":18.704307556152345,"orthographic":false}