{"cameraMode":{"drawMode":0,"name":"Shaded","section":"Shading Mode"},"sceneLighting":false,"audioPlay":false,"sceneViewState":{"m_AlwaysRefresh":false,"showFog":true,"showSkybox":true,"showFlares":true,"showImageEffects":true,"showParticleSystems":true,"showVisualEffectGraphs":true,"m_FxEnabled":true},"in2DMode":false,"pivot":{"x":1.9495447874069214,"y":41.04188919067383,"z":-24.267799377441408},"rotation":{"x":0.029376689344644548,"y":-0.8337854146957398,"z":0.04927060380578041,"w":0.5499157905578613},"size":47.271270751953128,"orthographic":false}