{"cameraMode":{"drawMode":0,"name":"Shaded","section":"Shading Mode"},"sceneLighting":false,"audioPlay":false,"sceneViewState":{"m_AlwaysRefresh":false,"showFog":true,"showSkybox":true,"showFlares":true,"showImageEffects":true,"showParticleSystems":true,"showVisualEffectGraphs":true,"m_FxEnabled":true},"in2DMode":false,"pivot":{"x":60.83664321899414,"y":43.30851745605469,"z":73.90064239501953},"rotation":{"x":-0.04803920164704323,"y":0.06993437558412552,"z":-0.005600518546998501,"w":-0.9968148469924927},"size":47.271270751953128,"orthographic":false}