{"cameraMode":{"drawMode":0,"name":"Shaded","section":"Shading Mode"},"sceneLighting":true,"audioPlay":false,"sceneViewState":{"m_AlwaysRefresh":false,"showFog":true,"showSkybox":true,"showFlares":true,"showImageEffects":true,"showParticleSystems":true,"showVisualEffectGraphs":true,"m_FxEnabled":true},"in2DMode":false,"pivot":{"x":-761.5262451171875,"y":12.316920280456543,"z":1500.245849609375},"rotation":{"x":-0.1230378970503807,"y":-0.007336811628192663,"z":0.0006749672465957701,"w":-0.9927008748054504},"size":28.443744659423829,"orthographic":false}