{"cameraMode":{"drawMode":0,"name":"Shaded","section":"Shading Mode"},"sceneLighting":false,"audioPlay":false,"sceneViewState":{"m_AlwaysRefresh":false,"showFog":true,"showSkybox":true,"showFlares":true,"showImageEffects":true,"showParticleSystems":true,"showVisualEffectGraphs":true,"m_FxEnabled":true},"in2DMode":false,"pivot":{"x":664.6447143554688,"y":21.981735229492189,"z":386.2296447753906},"rotation":{"x":-0.13498790562152863,"y":-0.012773767113685608,"z":-0.002054240321740508,"w":-0.9911618232727051},"size":84.23624420166016,"orthographic":false}