{"cameraMode":{"drawMode":0,"name":"Shaded","section":"Shading Mode"},"sceneLighting":true,"audioPlay":false,"sceneViewState":{"m_AlwaysRefresh":false,"showFog":true,"showSkybox":true,"showFlares":true,"showImageEffects":true,"showParticleSystems":true,"showVisualEffectGraphs":true,"m_FxEnabled":true},"in2DMode":false,"pivot":{"x":55.60271072387695,"y":49.692657470703128,"z":27.634946823120118},"rotation":{"x":0.039476171135902408,"y":-0.4882431626319885,"z":0.02221052534878254,"w":0.8715704083442688},"size":18.704307556152345,"orthographic":false}