{"cameraMode":{"drawMode":0,"name":"Shaded","section":"Shading Mode"},"sceneLighting":false,"audioPlay":false,"sceneViewState":{"m_AlwaysRefresh":false,"showFog":true,"showSkybox":true,"showFlares":true,"showImageEffects":true,"showParticleSystems":true,"showVisualEffectGraphs":true,"m_FxEnabled":true},"in2DMode":false,"pivot":{"x":55.08592224121094,"y":42.93394088745117,"z":-32.608314514160159},"rotation":{"x":0.02983291819691658,"y":-0.9165031909942627,"z":0.07561953365802765,"w":0.39281436800956728},"size":47.271270751953128,"orthographic":false}