{"cameraMode":{"drawMode":0,"name":"Shaded","section":"Shading Mode"},"sceneLighting":true,"audioPlay":false,"sceneViewState":{"m_AlwaysRefresh":false,"showFog":true,"showSkybox":true,"showFlares":true,"showImageEffects":true,"showParticleSystems":true,"showVisualEffectGraphs":true,"m_FxEnabled":true},"in2DMode":false,"pivot":{"x":201.72544860839845,"y":57.08023452758789,"z":-26.313282012939454},"rotation":{"x":-0.12700887024402619,"y":0.08435932546854019,"z":-0.01086093857884407,"w":-0.9883314371109009},"size":16.607847213745118,"orthographic":false}