{"cameraMode":{"drawMode":0,"name":"Shaded","section":"Shading Mode"},"sceneLighting":false,"audioPlay":false,"sceneViewState":{"m_AlwaysRefresh":false,"showFog":false,"showSkybox":false,"showFlares":false,"showImageEffects":false,"showParticleSystems":false,"showVisualEffectGraphs":true,"m_FxEnabled":true},"in2DMode":false,"pivot":{"x":-0.3071099519729614,"y":1.0530195236206055,"z":1.7375785112380982},"rotation":{"x":0.02383550815284252,"y":0.9600975513458252,"z":-0.26605063676834109,"w":0.08657015860080719},"size":0.0050766910426318649,"orthographic":false}