{"cameraMode":{"drawMode":0,"name":"Shaded","section":"Shading Mode"},"sceneLighting":false,"audioPlay":false,"sceneViewState":{"m_AlwaysRefresh":false,"showFog":false,"showSkybox":false,"showFlares":false,"showImageEffects":false,"showParticleSystems":false,"showVisualEffectGraphs":true,"m_FxEnabled":true},"in2DMode":false,"pivot":{"x":-0.000985562801361084,"y":1.0029101371765137,"z":0.02929699420928955},"rotation":{"x":0.029066136106848718,"y":-0.4837037920951843,"z":0.016278978437185289,"w":0.8749340176582336},"size":1.2274950742721558,"orthographic":false}